station,hardcoded_site,hardcoded_km,computed_nearest_site,computed_nearest_km,flag
MUB001 - Melbourne Street,ALBURY,83.2,Rand,59.4,REVIEW
6135-PR - M31 Hume Highway,GOULBURN,78.1,GOULBURN,78.9,OK
6149 - Newell Highway,ORANGE (no NO2),109.2,Parkes,52.4,REVIEW
6141 - Newell Highway,ORANGE (no NO2),106.1,Parkes,40.5,REVIEW
6105 - Great Western Highway,BATHURST (no NO2 sensor),32.7,BATHURST,33.1,OK
6124 - Macleay Valley Way,PORT MACQUARIE,36.9,PORT MACQUARIE,39.2,OK
6116 - Pacific Highway,LISMORE (no continuous NO2),23.8,LISMORE,21.4,OK
7212 - Stewart Avenue,NEWCASTLE,0.2,NEWCASTLE,0.6,OK
7211 - Lily Lane,NEWCASTLE,4.5,NEWCASTLE,4.5,OK
6119-PR - Pacific Highway,PORT MACQUARIE,87.3,Taree,24.1,REVIEW
7216 - Gladstone Avenue,WOLLONGONG,0.6,WOLLONGONG,1.0,OK
6109 - M23 Federal Highway,GOULBURN,13.0,GOULBURN,14.9,OK
10011 - New South Head Road,COOK AND PHILLIP,1.8,COOK AND PHILLIP,1.7,OK
100001 - Cambridge Street,LIVERPOOL,4.8,LIVERPOOL SWAQS,4.6,REVIEW
6178-PR - Picton Road,WOLLONGONG,8.2,WOLLONGONG,7.2,OK
