year,date,cardinal_direction_seq,classification_seq,hour_00,hour_01,hour_02,hour_03,hour_04,hour_05,hour_06,hour_07,hour_08,hour_09,hour_10,hour_11,hour_12,hour_13,hour_14,hour_15,hour_16,hour_17,hour_18,hour_19,hour_20,hour_21,hour_22,hour_23,public_holiday,school_holiday
2024,2024-01-01,Westbound,Light Vehicles,152,129,70,35,37,52,100,155,231,372,658,787,853,784,807,836,857,727,607,484,309,228,116,58,0,0
2024,2024-01-01,Westbound,Heavy Vehicles,10,9,6,7,7,10,14,23,27,37,87,79,80,83,85,75,69,55,53,48,34,36,19,9,0,0
2024,2024-01-01,Westbound,All Vehicles,162,138,76,42,44,62,114,178,258,409,745,866,933,867,892,911,926,782,660,532,343,264,135,67,0,0
2024,2024-01-02,Westbound,Heavy Vehicles,13,9,16,22,53,86,108,111,136,145,162,156,157,149,129,148,117,93,61,59,41,32,32,11,0,0
2024,2024-01-02,Westbound,Light Vehicles,27,25,20,34,145,269,329,397,428,584,713,729,780,735,699,764,843,730,435,307,287,228,113,48,0,0
2024,2024-01-02,Westbound,All Vehicles,40,34,36,56,198,355,437,508,564,729,875,885,937,884,828,912,960,823,496,366,328,260,145,59,0,0
2024,2024-01-03,Westbound,Heavy Vehicles,20,14,13,32,63,111,112,131,122,158,150,175,149,171,144,132,111,91,88,50,54,41,35,16,0,0
2024,2024-01-03,Westbound,Light Vehicles,33,28,10,21,112,290,331,318,432,580,618,631,567,703,794,822,753,728,485,249,221,180,90,56,0,0
2024,2024-01-03,Westbound,All Vehicles,53,42,23,53,175,401,443,449,554,738,768,806,716,874,938,954,864,819,573,299,275,221,125,72,0,0
2024,2024-01-04,Westbound,Light Vehicles,32,29,10,26,121,297,334,368,461,492,615,602,560,675,678,696,653,592,324,252,230,235,89,51,0,0
2024,2024-01-04,Westbound,Heavy Vehicles,18,10,12,34,56,105,121,141,160,168,158,170,145,145,152,149,119,103,60,55,43,39,36,18,0,0
2024,2024-01-04,Westbound,All Vehicles,50,39,22,60,177,402,455,509,621,660,773,772,705,820,830,845,772,695,384,307,273,274,125,69,0,0
2024,2024-01-05,Westbound,Light Vehicles,24,11,10,35,114,270,310,361,444,576,689,621,613,672,695,671,734,579,468,302,236,200,157,74,0,0
2024,2024-01-05,Westbound,Heavy Vehicles,20,20,19,28,58,116,117,142,138,160,166,157,147,158,138,115,98,100,63,58,36,45,15,21,0,0
2024,2024-01-05,Westbound,All Vehicles,44,31,29,63,172,386,427,503,582,736,855,778,760,830,833,786,832,679,531,360,272,245,172,95,0,0
2024,2024-01-06,Westbound,Heavy Vehicles,12,9,16,19,34,40,41,55,70,83,103,78,87,102,98,76,78,57,47,49,38,32,24,23,0,0
2024,2024-01-06,Westbound,Light Vehicles,48,29,20,24,71,193,210,302,459,628,761,680,692,655,726,780,748,780,586,444,369,285,240,121,0,0
2024,2024-01-06,Westbound,All Vehicles,60,38,36,43,105,233,251,357,529,711,864,758,779,757,824,856,826,837,633,493,407,317,264,144,0,0
2024,2024-01-07,Westbound,Light Vehicles,65,35,20,24,51,139,122,181,411,548,780,779,879,835,864,975,973,813,592,468,312,180,84,44,0,0
2024,2024-01-07,Westbound,Heavy Vehicles,9,6,6,8,13,20,29,30,53,72,99,102,74,69,96,104,79,91,68,48,23,25,18,13,0,0
2024,2024-01-07,Westbound,All Vehicles,74,41,26,32,64,159,151,211,464,620,879,881,953,904,960,1079,1052,904,660,516,335,205,102,57,0,0
2024,2024-01-08,Westbound,Heavy Vehicles,13,15,15,45,95,182,188,181,188,165,259,203,187,172,149,157,138,117,55,48,42,51,32,21,0,0
2024,2024-01-08,Westbound,Light Vehicles,22,19,14,39,165,430,479,436,373,394,656,524,475,561,425,535,557,481,266,139,124,127,50,34,0,0
2024,2024-01-08,Westbound,All Vehicles,35,34,29,84,260,612,667,617,561,559,915,727,662,733,574,692,695,598,321,187,166,178,82,55,0,0
2024,2024-01-09,Westbound,Heavy Vehicles,22,20,16,45,113,183,222,202,216,218,223,234,207,188,180,177,153,121,77,44,46,39,27,21,0,0
2024,2024-01-09,Westbound,Light Vehicles,20,9,7,22,157,453,507,466,418,385,481,469,421,487,492,611,624,574,301,181,149,155,67,35,0,0
2024,2024-01-09,Westbound,All Vehicles,42,29,23,67,270,636,729,668,634,603,704,703,628,675,672,788,777,695,378,225,195,194,94,56,0,0
2024,2024-01-10,Westbound,Light Vehicles,16,7,14,28,157,453,459,475,453,486,482,494,434,553,563,659,685,688,402,249,209,157,81,45,0,0
2024,2024-01-10,Westbound,Heavy Vehicles,25,14,21,46,122,213,214,205,200,217,220,226,182,220,168,212,165,122,81,49,48,49,41,16,0,0
2024,2024-01-10,Westbound,All Vehicles,41,21,35,74,279,666,673,680,653,703,702,720,616,773,731,871,850,810,483,298,257,206,122,61,0,0
2024,2024-01-11,Westbound,Heavy Vehicles,24,16,18,40,106,191,244,205,236,207,240,211,192,244,184,178,188,123,89,45,50,49,53,24,0,0
2024,2024-01-11,Westbound,Light Vehicles,22,13,7,30,149,440,447,487,464,492,496,492,464,544,561,654,640,600,288,233,165,218,99,41,0,0
2024,2024-01-11,Westbound,All Vehicles,46,29,25,70,255,631,691,692,700,699,736,703,656,788,745,832,828,723,377,278,215,267,152,65,0,0
2024,2024-01-12,Westbound,Light Vehicles,18,16,12,44,163,421,399,405,422,499,540,575,556,638,615,700,659,635,443,279,189,180,168,99,0,0
2024,2024-01-12,Westbound,Heavy Vehicles,19,16,25,42,107,188,184,181,200,213,230,225,210,198,198,162,112,111,71,60,39,44,38,25,0,0
2024,2024-01-12,Westbound,All Vehicles,37,32,37,86,270,609,583,586,622,712,770,800,766,836,813,862,771,746,514,339,228,224,206,124,0,0
2024,2024-01-13,Westbound,Light Vehicles,61,21,27,22,72,202,214,316,438,572,687,691,688,771,789,577,152,186,513,603,474,362,239,143,0,0
2024,2024-01-13,Westbound,Heavy Vehicles,21,18,18,26,29,76,66,74,80,110,132,102,81,105,112,73,22,24,58,63,40,39,31,35,0,0
2024,2024-01-13,Westbound,All Vehicles,82,39,45,48,101,278,280,390,518,682,819,793,769,876,901,650,174,210,571,666,514,401,270,178,0,0
2024,2024-01-14,Westbound,Light Vehicles,59,54,31,21,54,146,129,164,329,548,782,691,735,700,768,774,694,573,379,227,141,109,61,20,0,0
2024,2024-01-14,Westbound,Heavy Vehicles,20,10,7,6,9,22,19,28,47,74,110,128,86,95,92,67,74,64,45,34,31,22,16,16,0,0
2024,2024-01-14,Westbound,All Vehicles,79,64,38,27,63,168,148,192,376,622,892,819,821,795,860,841,768,637,424,261,172,131,77,36,0,0
2024,2024-01-15,Westbound,Heavy Vehicles,10,10,14,29,89,177,177,166,124,154,209,207,182,181,178,158,140,98,73,51,43,47,20,21,0,0
2024,2024-01-15,Westbound,Light Vehicles,13,20,17,32,182,370,429,343,338,331,436,425,421,471,434,469,464,434,223,118,118,99,50,19,0,0
2024,2024-01-15,Westbound,All Vehicles,23,30,31,61,271,547,606,509,462,485,645,632,603,652,612,627,604,532,296,169,161,146,70,40,0,0
2024,2024-01-16,Westbound,Light Vehicles,14,16,15,27,177,445,558,515,422,371,374,404,386,440,457,462,525,486,265,119,127,143,53,34,0,0
2024,2024-01-16,Westbound,Heavy Vehicles,16,10,17,38,77,193,195,211,184,160,168,199,187,183,158,182,153,122,64,55,39,54,25,32,0,0
2024,2024-01-16,Westbound,All Vehicles,30,26,32,65,254,638,753,726,606,531,542,603,573,623,615,644,678,608,329,174,166,197,78,66,0,0
2024,2024-01-17,Westbound,Heavy Vehicles,18,17,21,50,133,195,219,196,211,226,232,198,227,205,182,182,142,95,78,58,43,42,37,25,0,0
2024,2024-01-17,Westbound,Light Vehicles,12,15,7,34,162,510,551,482,449,427,392,394,385,435,447,619,475,410,230,125,107,127,46,30,0,0
2024,2024-01-17,Westbound,All Vehicles,30,32,28,84,295,705,770,678,660,653,624,592,612,640,629,801,617,505,308,183,150,169,83,55,0,0
2024,2024-01-18,Westbound,Light Vehicles,16,13,9,40,173,506,572,495,433,433,430,410,456,492,556,681,653,607,351,217,204,210,118,45,0,0
2024,2024-01-18,Westbound,Heavy Vehicles,28,11,25,41,114,221,258,225,195,204,230,207,207,204,198,193,182,129,93,53,59,57,43,27,0,0
2024,2024-01-18,Westbound,All Vehicles,44,24,34,81,287,727,830,720,628,637,660,617,663,696,754,874,835,736,444,270,263,267,161,72,0,0
2024,2024-01-19,Westbound,Light Vehicles,22,20,10,41,164,478,477,500,466,463,526,482,492,520,670,770,696,732,488,280,226,186,137,101,0,0
2024,2024-01-19,Westbound,Heavy Vehicles,27,23,23,59,121,229,233,200,195,235,226,264,184,171,205,183,171,145,99,51,46,41,35,33,0,0
2024,2024-01-19,Westbound,All Vehicles,49,43,33,100,285,707,710,700,661,698,752,746,676,691,875,953,867,877,587,331,272,227,172,134,0,0
2024,2024-01-20,Westbound,Light Vehicles,57,29,20,32,85,205,224,288,459,553,633,636,491,404,452,550,695,691,524,382,255,240,198,134,0,0
2024,2024-01-20,Westbound,Heavy Vehicles,28,20,9,25,32,85,62,72,92,96,130,100,83,87,100,73,96,58,63,34,30,31,30,24,0,0
2024,2024-01-20,Westbound,All Vehicles,85,49,29,57,117,290,286,360,551,649,763,736,574,491,552,623,791,749,587,416,285,271,228,158,0,0
2024,2024-01-21,Westbound,Heavy Vehicles,26,11,3,12,7,31,24,31,64,63,97,88,77,82,98,117,77,114,84,73,49,31,26,10,0,0
2024,2024-01-21,Westbound,Light Vehicles,59,41,24,18,70,147,137,186,348,393,622,706,763,795,884,874,771,942,863,639,506,362,145,53,0,0
2024,2024-01-21,Westbound,All Vehicles,85,52,27,30,77,178,161,217,412,456,719,794,840,877,982,991,848,1056,947,712,555,393,171,63,0,0
2024,2024-01-22,Westbound,Heavy Vehicles,11,17,26,43,116,229,250,219,216,183,227,176,184,159,170,170,154,138,79,51,44,48,41,31,0,0
2024,2024-01-22,Westbound,Light Vehicles,20,14,18,39,182,545,585,555,523,359,412,405,379,363,406,483,438,437,242,128,126,146,72,33,0,0
2024,2024-01-22,Westbound,All Vehicles,31,31,44,82,298,774,835,774,739,542,639,581,563,522,576,653,592,575,321,179,170,194,113,64,0,0
2024,2024-01-23,Westbound,Light Vehicles,19,16,15,35,177,518,577,548,460,427,424,397,404,471,497,635,605,566,298,183,152,175,62,36,0,0
2024,2024-01-23,Westbound,Heavy Vehicles,16,18,32,60,112,199,251,231,181,234,220,212,210,206,183,221,170,142,83,54,55,55,48,31,0,0
2024,2024-01-23,Westbound,All Vehicles,35,34,47,95,289,717,828,779,641,661,644,609,614,677,680,856,775,708,381,237,207,230,110,67,0,0
2024,2024-01-24,Westbound,Light Vehicles,23,17,12,37,171,534,565,505,464,429,400,411,453,549,602,677,650,610,366,195,149,183,66,34,0,0
2024,2024-01-24,Westbound,Heavy Vehicles,22,26,21,53,128,219,253,241,209,242,231,195,216,224,223,202,183,165,100,72,54,50,41,36,0,0
2024,2024-01-24,Westbound,All Vehicles,45,43,33,90,299,753,818,746,673,671,631,606,669,773,825,879,833,775,466,267,203,233,107,70,0,0
2024,2024-01-25,Westbound,Light Vehicles,15,20,19,42,150,430,521,523,426,412,494,500,481,579,585,734,757,725,475,311,241,225,108,61,0,0
2024,2024-01-25,Westbound,Heavy Vehicles,36,25,31,54,120,194,222,215,241,228,224,264,242,211,240,211,173,135,75,48,45,55,38,21,0,0
2024,2024-01-25,Westbound,All Vehicles,51,45,50,96,270,624,743,738,667,640,718,764,723,790,825,945,930,860,550,359,286,280,146,82,0,0
2024,2024-01-26,Westbound,Light Vehicles,48,28,31,19,70,156,184,254,348,501,573,583,522,630,859,947,1026,1147,782,556,365,320,226,121,0,0
2024,2024-01-26,Westbound,Heavy Vehicles,14,10,14,15,19,29,33,42,50,66,68,59,65,83,87,87,74,93,55,44,36,40,28,13,0,0
2024,2024-01-26,Westbound,All Vehicles,62,38,45,34,89,185,217,296,398,567,641,642,587,713,946,1034,1100,1240,837,600,401,360,254,134,0,0
2024,2024-01-27,Westbound,Light Vehicles,49,37,31,16,65,161,185,243,359,575,727,669,678,645,719,811,757,764,537,391,326,261,200,96,0,0
2024,2024-01-27,Westbound,Heavy Vehicles,8,6,3,8,17,43,33,41,50,64,85,81,67,66,76,68,62,69,50,54,28,34,18,12,0,0
2024,2024-01-27,Westbound,All Vehicles,57,43,34,24,82,204,218,284,409,639,812,750,745,711,795,879,819,833,587,445,354,295,218,108,0,0
2024,2024-01-28,Westbound,Light Vehicles,70,45,37,27,61,137,139,228,436,712,928,975,933,917,960,828,896,722,611,456,329,185,115,49,0,0
2024,2024-01-28,Westbound,Heavy Vehicles,13,10,6,6,22,23,23,36,63,106,124,110,119,86,106,89,85,100,74,75,36,38,21,8,0,0
2024,2024-01-28,Westbound,All Vehicles,83,55,43,33,83,160,162,264,499,818,1052,1085,1052,1003,1066,917,981,822,685,531,365,223,136,57,0,0
2024,2024-01-29,Westbound,Heavy Vehicles,7,9,17,43,93,165,182,166,173,192,180,193,173,153,154,153,130,106,71,56,48,41,32,26,0,0
2024,2024-01-29,Westbound,Light Vehicles,28,5,10,36,128,245,280,309,240,218,210,213,189,287,286,325,345,321,213,146,111,97,45,23,0,0
2024,2024-01-29,Westbound,All Vehicles,35,14,27,79,221,410,462,475,413,410,390,406,362,440,440,478,475,427,284,202,159,138,77,49,0,0
2024,2024-01-30,Westbound,Light Vehicles,16,14,9,41,186,446,504,509,370,305,254,289,348,357,393,512,563,541,315,135,122,144,62,32,0,0
2024,2024-01-30,Westbound,Heavy Vehicles,31,24,33,66,130,236,247,175,221,192,223,207,215,218,207,210,202,122,96,67,48,34,40,37,0,0
2024,2024-01-30,Westbound,All Vehicles,47,38,42,107,316,682,751,684,591,497,477,496,563,575,600,722,765,663,411,202,170,178,102,69,0,0
2024,2024-01-31,Westbound,Heavy Vehicles,26,22,25,46,129,223,250,219,211,216,211,172,221,239,183,190,204,117,63,46,43,48,44,23,0,0
2024,2024-01-31,Westbound,Light Vehicles,13,10,14,34,172,493,602,609,445,320,341,305,392,379,416,495,561,480,262,144,123,148,68,26,0,0
2024,2024-01-31,Westbound,All Vehicles,39,32,39,80,301,716,852,828,656,536,552,477,613,618,599,685,765,597,325,190,166,196,112,49,0,0
2024,2024-02-02,Westbound,Light Vehicles,10,9,5,18,153,451,494,523,414,394,405,410,423,385,5,7,2,233,325,238,155,106,76,37,0,1
2024,2024-02-02,Westbound,Heavy Vehicles,22,19,9,32,115,199,228,223,188,224,215,206,180,175,1,1,1,41,85,62,44,19,34,13,0,1
2024,2024-02-02,Westbound,All Vehicles,32,28,14,50,268,650,722,746,602,618,620,616,603,560,6,8,3,274,410,300,199,125,110,50,0,1
2024,2024-02-04,Westbound,Heavy Vehicles,15,17,11,9,15,32,39,32,50,53,76,88,72,62,60,61,90,83,89,59,42,39,24,15,0,1
2024,2024-02-04,Westbound,Light Vehicles,62,28,28,24,52,148,164,234,323,447,586,619,536,550,394,459,741,851,712,464,334,201,78,45,0,1
2024,2024-02-04,Westbound,All Vehicles,77,45,39,33,67,180,203,266,373,500,662,707,608,612,454,520,831,934,801,523,376,240,102,60,0,1
2024,2024-02-05,Westbound,Heavy Vehicles,15,10,23,48,91,157,164,178,167,144,157,147,110,128,140,116,99,91,73,49,38,19,,,0,1
2024,2024-02-05,Westbound,Light Vehicles,11,11,11,19,121,243,285,275,201,199,159,176,144,175,221,219,297,270,153,109,73,29,1,,0,1
2024,2024-02-05,Westbound,All Vehicles,26,21,34,67,212,400,449,453,368,343,316,323,254,303,361,335,396,361,226,158,111,48,1,,0,1
2024,2024-02-06,Westbound,Light Vehicles,18,10,8,42,122,267,443,341,330,307,274,217,231,316,276,369,296,322,145,117,80,100,34,22,0,0
2024,2024-02-06,Westbound,Heavy Vehicles,28,25,26,53,63,165,193,121,161,148,167,153,120,140,133,127,122,81,61,36,43,64,27,23,0,0
2024,2024-02-06,Westbound,All Vehicles,46,35,34,95,185,432,636,462,491,455,441,370,351,456,409,496,418,403,206,153,123,164,61,45,0,0
2024,2024-02-10,Westbound,Light Vehicles,40,36,11,9,71,203,222,279,405,370,535,493,504,497,568,625,649,608,194,198,170,97,114,13,0,0
2024,2024-02-10,Westbound,Heavy Vehicles,17,24,11,16,40,64,70,107,93,94,82,95,76,62,87,82,85,67,38,21,11,16,9,5,0,0
2024,2024-02-10,Westbound,All Vehicles,57,60,22,25,111,267,292,386,498,464,617,588,580,559,655,707,734,675,232,219,181,113,123,18,0,0
2024,2024-02-14,Westbound,Heavy Vehicles,27,28,23,50,95,161,179,157,150,146,152,126,76,49,45,34,94,76,12,11,22,34,19,26,0,0
2024,2024-02-14,Westbound,Light Vehicles,3,7,12,14,92,252,255,269,221,165,137,128,53,64,31,45,190,178,8,35,62,67,25,20,0,0
2024,2024-02-14,Westbound,All Vehicles,30,35,35,64,187,413,434,426,371,311,289,254,129,113,76,79,284,254,20,46,84,101,44,46,0,0
2024,2024-02-16,Westbound,Heavy Vehicles,11,16,22,46,103,149,171,103,125,203,154,181,160,156,150,168,121,137,78,56,34,28,48,19,0,0
2024,2024-02-16,Westbound,Light Vehicles,10,16,12,37,126,436,491,248,232,330,350,345,335,364,436,548,564,610,385,223,157,134,103,61,0,0
2024,2024-02-16,Westbound,All Vehicles,21,32,34,83,229,585,662,351,357,533,504,526,495,520,586,716,685,747,463,279,191,162,151,80,0,0
2024,2024-02-18,Westbound,Light Vehicles,46,8,6,,8,34,27,83,254,360,430,428,399,449,476,505,494,419,328,199,10,1,,1,0,0
2024,2024-02-18,Westbound,Heavy Vehicles,9,3,1,2,1,8,12,18,41,60,54,52,61,52,54,52,64,58,44,28,11,1,3,2,0,0
2024,2024-02-18,Westbound,All Vehicles,55,11,7,2,9,42,39,101,295,420,484,480,460,501,530,557,558,477,372,227,21,2,3,3,0,0
2024,2024-02-19,Westbound,Light Vehicles,,1,1,10,177,486,559,541,306,271,298,289,344,320,317,398,454,403,223,155,111,123,34,27,0,0
2024,2024-02-19,Westbound,Heavy Vehicles,,3,3,9,126,219,215,190,142,178,144,167,181,145,160,152,144,129,76,56,55,36,39,23,0,0
2024,2024-02-19,Westbound,All Vehicles,,4,4,19,303,705,774,731,448,449,442,456,525,465,477,550,598,532,299,211,166,159,73,50,0,0
2024,2024-02-23,Westbound,Light Vehicles,3,5,2,4,42,118,161,103,68,105,78,94,165,201,207,197,244,260,147,113,39,34,26,21,0,0
2024,2024-02-23,Westbound,Heavy Vehicles,1,1,1,2,13,34,45,27,13,29,22,30,41,52,37,40,43,38,14,16,11,3,6,2,0,0
2024,2024-02-23,Westbound,All Vehicles,4,6,3,6,55,152,206,130,81,134,100,124,206,253,244,237,287,298,161,129,50,37,32,23,0,0
2024,2024-03-18,Eastbound,Light Vehicles,2,1,,7,41,162,494,650,,442,385,363,406,424,470,598,806,671,403,181,131,104,56,50,0,0
2024,2024-03-18,Eastbound,Heavy Vehicles,1,9,11,2,94,176,309,329,,266,206,209,265,200,216,230,217,137,106,76,54,49,34,41,0,0
2024,2024-03-18,Eastbound,All Vehicles,3,10,11,9,135,338,803,979,,708,591,572,671,624,686,828,1023,808,509,257,185,153,90,91,0,0
2024,2024-03-19,Eastbound,Light Vehicles,105,38,12,16,41,152,462,716,765,461,400,400,350,353,505,603,806,663,480,246,157,102,49,49,0,0
2024,2024-03-19,Eastbound,Heavy Vehicles,40,34,25,47,82,161,337,357,291,235,229,225,210,217,257,261,227,157,128,90,57,44,46,30,0,0
2024,2024-03-19,Eastbound,All Vehicles,145,72,37,63,123,313,799,1073,1056,696,629,625,560,570,762,864,1033,820,608,336,214,146,95,79,0,0
2024,2024-03-20,Eastbound,Light Vehicles,105,28,15,12,38,157,515,630,775,483,406,383,368,394,443,655,810,680,446,230,135,92,72,48,0,0
2024,2024-03-20,Eastbound,Heavy Vehicles,47,32,20,45,78,165,299,319,277,254,256,211,214,208,260,220,201,151,122,69,57,42,52,31,0,0
2024,2024-03-20,Eastbound,All Vehicles,152,60,35,57,116,322,814,949,1052,737,662,594,582,602,703,875,1011,831,568,299,192,134,124,79,0,0
2024,2024-03-21,Eastbound,Light Vehicles,114,28,15,16,49,134,466,648,675,479,422,367,406,444,465,653,864,768,531,253,183,132,75,87,0,0
2024,2024-03-21,Eastbound,Heavy Vehicles,48,29,34,56,90,164,312,320,269,230,239,234,228,213,252,236,226,168,140,66,62,51,55,36,0,0
2024,2024-03-21,Eastbound,All Vehicles,162,57,49,72,139,298,778,968,944,709,661,601,634,657,717,889,1090,936,671,319,245,183,130,123,0,0
2024,2024-03-22,Eastbound,Light Vehicles,115,32,18,18,40,175,413,566,634,497,513,566,554,603,725,844,959,908,820,449,246,173,143,92,0,0
2024,2024-03-22,Eastbound,Heavy Vehicles,50,24,21,41,77,169,291,292,253,255,218,211,253,238,265,246,209,160,145,85,59,43,53,33,0,0
2024,2024-03-22,Eastbound,All Vehicles,165,56,39,59,117,344,704,858,887,752,731,777,807,841,990,1090,1168,1068,965,534,305,216,196,125,0,0
2024,2024-03-23,Eastbound,Heavy Vehicles,21,22,23,23,40,75,119,98,104,105,103,112,100,99,97,72,81,46,55,47,30,22,25,24,0,0
2024,2024-03-23,Eastbound,Light Vehicles,59,28,14,27,49,95,237,279,418,520,634,814,770,723,698,638,620,582,474,257,199,195,255,169,0,0
2024,2024-03-23,Eastbound,All Vehicles,80,50,37,50,89,170,356,377,522,625,737,926,870,822,795,710,701,628,529,304,229,217,280,193,0,0
2024,2024-03-25,Eastbound,Light Vehicles,24,13,21,17,51,178,529,614,675,485,421,420,399,396,466,617,861,655,464,207,172,87,49,45,0,0
2024,2024-03-25,Eastbound,Heavy Vehicles,7,11,15,32,85,171,312,293,267,279,227,210,220,220,252,231,220,175,110,59,58,48,47,39,0,0
2024,2024-03-25,Eastbound,All Vehicles,31,24,36,49,136,349,841,907,942,764,648,630,619,616,718,848,1081,830,574,266,230,135,96,84,0,0
2024,2024-03-26,Eastbound,Light Vehicles,94,28,16,23,53,161,518,680,784,495,416,400,362,370,449,680,794,711,476,231,177,93,52,54,0,0
2024,2024-03-26,Eastbound,Heavy Vehicles,49,30,37,60,94,133,346,331,306,239,232,219,222,254,256,269,237,185,125,81,54,58,51,44,0,0
2024,2024-03-26,Eastbound,All Vehicles,143,58,53,83,147,294,864,1011,1090,734,648,619,584,624,705,949,1031,896,601,312,231,151,103,98,0,0
2024,2024-03-27,Eastbound,Heavy Vehicles,61,31,30,34,86,181,347,303,265,269,233,220,250,238,263,273,214,157,133,69,68,62,44,48,0,0
2024,2024-03-27,Eastbound,Light Vehicles,104,25,12,23,52,167,520,670,765,488,410,453,436,409,521,692,829,725,570,303,211,144,86,68,0,0
2024,2024-03-27,Eastbound,All Vehicles,165,56,42,57,138,348,867,973,1030,757,643,673,686,647,784,965,1043,882,703,372,279,206,130,116,0,0
2024,2024-03-28,Eastbound,Heavy Vehicles,44,33,37,51,82,170,306,319,279,264,235,257,231,272,304,246,243,183,133,117,87,65,51,41,0,0
2024,2024-03-28,Eastbound,Light Vehicles,112,26,15,19,45,168,494,618,666,546,560,660,661,764,789,925,1093,914,907,686,550,358,211,133,0,0
2024,2024-03-28,Eastbound,All Vehicles,156,59,52,70,127,338,800,937,945,810,795,917,892,1036,1093,1171,1336,1097,1040,803,637,423,262,174,0,0
2024,2024-03-29,Eastbound,Light Vehicles,139,56,37,45,76,184,334,417,563,693,645,695,693,723,880,637,571,493,438,291,227,143,121,86,0,0
2024,2024-03-29,Eastbound,Heavy Vehicles,48,18,8,19,27,39,61,81,92,78,65,77,61,63,77,77,63,57,58,34,25,13,12,13,0,0
2024,2024-03-29,Eastbound,All Vehicles,187,74,45,64,103,223,395,498,655,771,710,772,754,786,957,714,634,550,496,325,252,156,133,99,0,0
2024,2024-03-30,Eastbound,Heavy Vehicles,8,5,6,9,17,46,49,60,99,75,105,93,91,90,87,81,74,59,65,40,27,14,16,10,0,0
2024,2024-03-30,Eastbound,Light Vehicles,40,33,12,28,30,80,164,215,472,704,1022,1221,1049,937,749,794,722,532,467,286,211,167,135,109,0,0
2024,2024-03-30,Eastbound,All Vehicles,48,38,18,37,47,126,213,275,571,779,1127,1314,1140,1027,836,875,796,591,532,326,238,181,151,119,0,0
2024,2024-04-01,Eastbound,Heavy Vehicles,9,3,7,18,6,23,35,42,59,77,84,72,93,100,84,63,91,52,51,54,50,30,29,21,0,0
2024,2024-04-01,Eastbound,Light Vehicles,43,25,17,12,32,68,135,187,297,455,707,824,822,878,706,695,625,537,436,407,230,152,100,75,0,0
2024,2024-04-01,Westbound,Light Vehicles,44,30,18,33,68,123,115,182,387,728,1023,1001,726,601,867,822,984,723,587,397,333,228,75,36,0,0
2024,2024-04-01,Westbound,Heavy Vehicles,6,9,4,7,18,34,18,41,61,87,124,132,92,72,93,85,103,78,61,63,52,30,19,17,0,0
2024,2024-04-01,Eastbound,All Vehicles,52,28,24,30,38,91,170,229,356,532,791,896,915,978,790,758,716,589,487,461,280,182,129,96,0,0
2024,2024-04-01,Westbound,All Vehicles,50,39,22,40,86,157,133,223,448,815,1147,1133,818,673,960,907,1087,801,648,460,385,258,94,53,0,0
2024,2024-04-03,Westbound,Heavy Vehicles,25,14,18,63,147,236,280,236,216,263,250,264,216,224,231,201,182,148,101,71,61,51,43,18,0,0
2024,2024-04-03,Eastbound,Heavy Vehicles,52,30,23,43,72,169,313,303,277,260,188,213,236,237,251,249,231,168,132,81,72,61,39,34,0,0
2024,2024-04-03,Eastbound,Light Vehicles,98,23,13,20,40,163,479,596,719,502,409,381,397,380,469,661,784,683,468,235,183,86,81,46,0,0
2024,2024-04-03,Westbound,Light Vehicles,18,4,17,42,197,538,598,607,422,412,359,362,430,501,533,581,619,627,284,168,143,153,47,25,0,0
2024,2024-04-03,Westbound,All Vehicles,43,18,35,105,344,774,878,843,638,675,609,626,646,725,764,782,801,775,385,239,204,204,90,43,0,0
2024,2024-04-03,Eastbound,All Vehicles,150,53,36,63,112,332,792,899,996,762,597,594,633,617,720,910,1015,851,600,316,255,147,120,80,0,0
2024,2024-04-04,Westbound,Light Vehicles,10,10,8,40,191,524,578,600,456,459,392,411,456,450,545,592,602,529,248,154,127,150,51,28,0,0
2024,2024-04-04,Eastbound,Light Vehicles,111,23,13,25,33,142,436,574,677,473,387,396,382,445,520,710,847,736,417,236,154,111,69,68,0,0
2024,2024-04-04,Westbound,Heavy Vehicles,31,30,21,54,153,228,269,231,213,264,218,236,254,222,215,227,208,142,74,52,42,52,30,19,0,0
2024,2024-04-04,Eastbound,Heavy Vehicles,50,30,34,48,74,151,293,310,253,214,245,214,235,254,271,237,210,171,122,90,58,43,41,32,0,0
2024,2024-04-04,Westbound,All Vehicles,41,40,29,94,344,752,847,831,669,723,610,647,710,672,760,819,810,671,322,206,169,202,81,47,0,0
2024,2024-04-04,Eastbound,All Vehicles,161,53,47,73,107,293,729,884,930,687,632,610,617,699,791,947,1057,907,539,326,212,154,110,100,0,0
2024,2024-04-05,Westbound,Light Vehicles,13,11,14,35,136,349,362,437,380,422,434,406,396,417,345,279,386,388,288,170,61,52,54,28,0,0
2024,2024-04-05,Eastbound,Light Vehicles,101,27,19,20,34,99,342,422,512,353,376,431,460,468,480,544,666,615,484,258,160,112,70,41,0,0
2024,2024-04-05,Westbound,Heavy Vehicles,20,17,23,42,87,141,167,163,208,224,199,202,204,169,173,252,179,115,63,42,19,23,28,13,0,0
2024,2024-04-05,Eastbound,Heavy Vehicles,37,26,18,37,59,122,206,268,212,232,184,192,223,177,169,172,133,124,104,66,40,39,33,21,0,0
2024,2024-04-05,Westbound,All Vehicles,33,28,37,77,223,490,529,600,588,646,633,608,600,586,518,531,565,503,351,212,80,75,82,41,0,0
2024,2024-04-05,Eastbound,All Vehicles,138,53,37,57,93,221,548,690,724,585,560,623,683,645,649,716,799,739,588,324,200,151,103,62,0,0
2024,2024-04-06,Westbound,Heavy Vehicles,14,12,,,,,,,,,,,,,,,,,,,,,,,0,0
2024,2024-04-06,Eastbound,Heavy Vehicles,19,25,21,16,10,32,76,81,84,54,77,103,88,78,85,73,51,74,44,39,42,33,18,12,0,0
2024,2024-04-06,Eastbound,Light Vehicles,32,19,13,8,13,16,108,189,294,304,457,569,606,578,542,495,502,459,370,241,193,160,123,98,0,0
2024,2024-04-06,Westbound,Light Vehicles,21,5,,,,,,,,,,,,,,,,,,,,,,,0,0
2024,2024-04-06,Westbound,All Vehicles,35,17,,,,,,,,,,,,,,,,,,,,,,,0,0
2024,2024-04-06,Eastbound,All Vehicles,51,44,34,24,23,48,184,270,378,358,534,672,694,656,627,568,553,533,414,280,235,193,141,110,0,0
2024,2024-04-07,Eastbound,Light Vehicles,86,32,41,20,25,65,135,205,314,482,654,735,735,670,692,690,757,569,474,306,170,117,90,65,0,0
2024,2024-04-07,Eastbound,Heavy Vehicles,12,6,11,9,12,18,43,35,50,67,85,82,79,89,84,72,97,61,58,48,33,25,21,22,0,0
2024,2024-04-07,Eastbound,All Vehicles,98,38,52,29,37,83,178,240,364,549,739,817,814,759,776,762,854,630,532,354,203,142,111,87,0,0
2024,2024-04-08,Eastbound,Light Vehicles,18,22,14,20,50,182,538,698,642,497,476,392,405,393,439,640,814,685,413,194,118,81,52,59,0,0
2024,2024-04-08,Eastbound,Heavy Vehicles,19,22,12,38,66,173,324,280,253,221,256,209,221,217,223,251,182,145,111,65,58,56,33,49,0,0
2024,2024-04-08,Eastbound,All Vehicles,37,44,26,58,116,355,862,978,895,718,732,601,626,610,662,891,996,830,524,259,176,137,85,108,0,0
