Product code,Bureau of Meteorology station number,Year,Month,Day,Maximum temperature (Degree C),Days of accumulation of maximum temperature,Quality
IDCJAC0010,066124,2024,01,01,24.4,1,Y
IDCJAC0010,066124,2024,01,02,29.2,1,Y
IDCJAC0010,066124,2024,01,03,30.2,1,Y
IDCJAC0010,066124,2024,01,04,27.8,1,Y
IDCJAC0010,066124,2024,01,05,25.0,1,Y
IDCJAC0010,066124,2024,01,06,27.0,1,Y
IDCJAC0010,066124,2024,01,07,30.0,1,Y
IDCJAC0010,066124,2024,01,08,26.2,1,Y
IDCJAC0010,066124,2024,01,09,27.5,1,Y
IDCJAC0010,066124,2024,01,10,30.2,1,Y
IDCJAC0010,066124,2024,01,11,30.5,1,Y
IDCJAC0010,066124,2024,01,12,30.4,1,Y
IDCJAC0010,066124,2024,01,13,32.2,1,Y
IDCJAC0010,066124,2024,01,14,27.6,1,Y
IDCJAC0010,066124,2024,01,15,23.6,1,Y
IDCJAC0010,066124,2024,01,16,25.2,1,Y
IDCJAC0010,066124,2024,01,17,28.2,1,Y
IDCJAC0010,066124,2024,01,18,30.8,1,Y
IDCJAC0010,066124,2024,01,19,30.2,1,Y
IDCJAC0010,066124,2024,01,20,27.5,1,Y
IDCJAC0010,066124,2024,01,21,37.5,1,Y
IDCJAC0010,066124,2024,01,22,24.5,1,Y
IDCJAC0010,066124,2024,01,23,26.8,1,Y
IDCJAC0010,066124,2024,01,24,31.0,1,Y
IDCJAC0010,066124,2024,01,25,31.0,1,Y
IDCJAC0010,066124,2024,01,26,37.5,1,Y
IDCJAC0010,066124,2024,01,27,23.8,1,Y
IDCJAC0010,066124,2024,01,28,27.5,1,Y
IDCJAC0010,066124,2024,01,29,31.2,1,Y
IDCJAC0010,066124,2024,01,30,26.2,1,Y
IDCJAC0010,066124,2024,01,31,27.0,1,Y
IDCJAC0010,066124,2024,02,01,30.5,1,Y
IDCJAC0010,066124,2024,02,02,31.6,1,Y
IDCJAC0010,066124,2024,02,03,29.0,1,Y
IDCJAC0010,066124,2024,02,04,39.2,1,Y
IDCJAC0010,066124,2024,02,05,34.0,1,Y
IDCJAC0010,066124,2024,02,06,25.0,1,Y
IDCJAC0010,066124,2024,02,07,24.6,1,Y
IDCJAC0010,066124,2024,02,08,24.4,1,Y
IDCJAC0010,066124,2024,02,09,25.5,1,Y
IDCJAC0010,066124,2024,02,10,25.6,1,Y
IDCJAC0010,066124,2024,02,11,25.5,1,Y
IDCJAC0010,066124,2024,02,12,31.2,1,Y
IDCJAC0010,066124,2024,02,13,33.0,1,Y
IDCJAC0010,066124,2024,02,14,31.0,1,Y
IDCJAC0010,066124,2024,02,15,21.2,1,Y
IDCJAC0010,066124,2024,02,16,27.6,1,Y
IDCJAC0010,066124,2024,02,17,32.0,1,Y
IDCJAC0010,066124,2024,02,18,30.2,1,Y
IDCJAC0010,066124,2024,02,19,27.0,1,Y
IDCJAC0010,066124,2024,02,20,23.0,1,Y
IDCJAC0010,066124,2024,02,21,26.8,1,Y
IDCJAC0010,066124,2024,02,22,31.4,1,Y
IDCJAC0010,066124,2024,02,23,35.5,1,Y
IDCJAC0010,066124,2024,02,24,22.0,1,Y
IDCJAC0010,066124,2024,02,25,28.6,1,Y
IDCJAC0010,066124,2024,02,26,28.4,1,Y
IDCJAC0010,066124,2024,02,27,24.3,1,Y
IDCJAC0010,066124,2024,02,28,29.6,1,Y
IDCJAC0010,066124,2024,02,29,37.6,1,Y
IDCJAC0010,066124,2024,03,01,29.6,1,Y
IDCJAC0010,066124,2024,03,02,26.2,1,Y
IDCJAC0010,066124,2024,03,03,31.2,1,Y
IDCJAC0010,066124,2024,03,04,24.0,1,Y
IDCJAC0010,066124,2024,03,05,26.2,1,Y
IDCJAC0010,066124,2024,03,06,30.3,1,Y
IDCJAC0010,066124,2024,03,07,28.0,1,Y
IDCJAC0010,066124,2024,03,08,29.0,1,Y
IDCJAC0010,066124,2024,03,09,29.5,1,Y
IDCJAC0010,066124,2024,03,10,29.6,1,Y
IDCJAC0010,066124,2024,03,11,29.1,1,Y
IDCJAC0010,066124,2024,03,12,33.5,1,Y
IDCJAC0010,066124,2024,03,13,29.1,1,Y
IDCJAC0010,066124,2024,03,14,34.5,1,Y
IDCJAC0010,066124,2024,03,15,24.0,1,Y
IDCJAC0010,066124,2024,03,16,25.1,1,Y
IDCJAC0010,066124,2024,03,17,23.0,1,Y
IDCJAC0010,066124,2024,03,18,25.6,1,Y
IDCJAC0010,066124,2024,03,19,28.5,1,Y
IDCJAC0010,066124,2024,03,20,25.0,1,Y
IDCJAC0010,066124,2024,03,21,22.0,1,Y
IDCJAC0010,066124,2024,03,22,24.2,1,Y
IDCJAC0010,066124,2024,03,23,25.5,1,Y
IDCJAC0010,066124,2024,03,24,27.2,1,Y
IDCJAC0010,066124,2024,03,25,29.6,1,Y
IDCJAC0010,066124,2024,03,26,27.6,1,Y
IDCJAC0010,066124,2024,03,27,26.2,1,Y
IDCJAC0010,066124,2024,03,28,25.0,1,Y
IDCJAC0010,066124,2024,03,29,25.6,1,Y
IDCJAC0010,066124,2024,03,30,28.6,1,Y
IDCJAC0010,066124,2024,03,31,26.6,1,Y
IDCJAC0010,066124,2024,04,01,29.6,1,Y
IDCJAC0010,066124,2024,04,02,27.0,1,Y
IDCJAC0010,066124,2024,04,03,24.4,1,Y
IDCJAC0010,066124,2024,04,04,21.2,1,Y
IDCJAC0010,066124,2024,04,05,20.2,1,Y
IDCJAC0010,066124,2024,04,06,27.0,1,Y
IDCJAC0010,066124,2024,04,07,26.6,1,Y
IDCJAC0010,066124,2024,04,08,24.6,1,Y
IDCJAC0010,066124,2024,04,09,21.8,1,Y
IDCJAC0010,066124,2024,04,10,21.5,1,Y
IDCJAC0010,066124,2024,04,11,22.5,1,Y
IDCJAC0010,066124,2024,04,12,25.7,1,Y
IDCJAC0010,066124,2024,04,13,25.2,1,Y
IDCJAC0010,066124,2024,04,14,25.2,1,Y
IDCJAC0010,066124,2024,04,15,26.0,1,Y
IDCJAC0010,066124,2024,04,16,24.0,1,Y
IDCJAC0010,066124,2024,04,17,22.0,1,Y
IDCJAC0010,066124,2024,04,18,24.0,1,Y
IDCJAC0010,066124,2024,04,19,21.5,1,Y
IDCJAC0010,066124,2024,04,20,19.6,1,Y
IDCJAC0010,066124,2024,04,21,21.6,1,Y
IDCJAC0010,066124,2024,04,22,23.5,1,Y
IDCJAC0010,066124,2024,04,23,24.8,1,Y
IDCJAC0010,066124,2024,04,24,25.1,1,Y
IDCJAC0010,066124,2024,04,25,21.4,1,Y
IDCJAC0010,066124,2024,04,26,20.2,1,Y
IDCJAC0010,066124,2024,04,27,21.6,1,Y
IDCJAC0010,066124,2024,04,28,24.5,1,Y
IDCJAC0010,066124,2024,04,29,26.0,1,Y
IDCJAC0010,066124,2024,04,30,18.0,1,Y
IDCJAC0010,066124,2024,05,01,18.8,1,Y
IDCJAC0010,066124,2024,05,02,18.8,1,Y
IDCJAC0010,066124,2024,05,03,17.4,1,Y
IDCJAC0010,066124,2024,05,04,19.8,1,Y
IDCJAC0010,066124,2024,05,05,18.5,1,Y
IDCJAC0010,066124,2024,05,06,20.5,1,Y
IDCJAC0010,066124,2024,05,07,19.6,1,Y
IDCJAC0010,066124,2024,05,08,19.4,1,Y
IDCJAC0010,066124,2024,05,09,19.8,1,Y
IDCJAC0010,066124,2024,05,10,20.0,1,Y
IDCJAC0010,066124,2024,05,11,17.2,1,Y
IDCJAC0010,066124,2024,05,12,20.0,1,Y
IDCJAC0010,066124,2024,05,13,21.2,1,Y
IDCJAC0010,066124,2024,05,14,22.0,1,Y
IDCJAC0010,066124,2024,05,15,22.8,1,Y
IDCJAC0010,066124,2024,05,16,21.5,1,Y
IDCJAC0010,066124,2024,05,17,22.8,1,Y
IDCJAC0010,066124,2024,05,18,15.2,1,Y
IDCJAC0010,066124,2024,05,19,18.0,1,Y
IDCJAC0010,066124,2024,05,20,17.8,1,Y
IDCJAC0010,066124,2024,05,21,18.8,1,Y
IDCJAC0010,066124,2024,05,22,18.5,1,Y
IDCJAC0010,066124,2024,05,23,20.5,1,Y
IDCJAC0010,066124,2024,05,24,20.4,1,Y
IDCJAC0010,066124,2024,05,25,18.0,1,Y
IDCJAC0010,066124,2024,05,26,21.2,1,Y
IDCJAC0010,066124,2024,05,27,20.0,1,Y
IDCJAC0010,066124,2024,05,28,20.8,1,Y
IDCJAC0010,066124,2024,05,29,20.4,1,Y
IDCJAC0010,066124,2024,05,30,23.5,1,Y
IDCJAC0010,066124,2024,05,31,21.0,1,Y
IDCJAC0010,066124,2024,06,01,15.4,1,Y
IDCJAC0010,066124,2024,06,02,16.2,1,Y
IDCJAC0010,066124,2024,06,03,17.4,1,Y
IDCJAC0010,066124,2024,06,04,17.5,1,Y
IDCJAC0010,066124,2024,06,05,16.2,1,Y
IDCJAC0010,066124,2024,06,06,16.2,1,Y
IDCJAC0010,066124,2024,06,07,17.0,1,Y
IDCJAC0010,066124,2024,06,08,20.0,1,Y
IDCJAC0010,066124,2024,06,09,19.8,1,Y
IDCJAC0010,066124,2024,06,10,17.6,1,Y
IDCJAC0010,066124,2024,06,11,16.4,1,Y
IDCJAC0010,066124,2024,06,12,18.5,1,Y
IDCJAC0010,066124,2024,06,13,15.4,1,Y
IDCJAC0010,066124,2024,06,14,14.8,1,Y
IDCJAC0010,066124,2024,06,15,14.8,1,Y
IDCJAC0010,066124,2024,06,16,15.3,1,Y
IDCJAC0010,066124,2024,06,17,16.3,1,Y
IDCJAC0010,066124,2024,06,18,16.6,1,Y
IDCJAC0010,066124,2024,06,19,15.6,1,Y
IDCJAC0010,066124,2024,06,20,16.5,1,Y
IDCJAC0010,066124,2024,06,21,16.8,1,Y
IDCJAC0010,066124,2024,06,22,12.9,1,Y
IDCJAC0010,066124,2024,06,23,15.0,1,Y
IDCJAC0010,066124,2024,06,24,17.2,1,Y
IDCJAC0010,066124,2024,06,25,18.4,1,Y
IDCJAC0010,066124,2024,06,26,20.5,1,Y
IDCJAC0010,066124,2024,06,27,18.5,1,Y
IDCJAC0010,066124,2024,06,28,18.4,1,Y
IDCJAC0010,066124,2024,06,29,18.2,1,Y
IDCJAC0010,066124,2024,06,30,14.2,1,Y
IDCJAC0010,066124,2024,07,01,14.8,1,Y
IDCJAC0010,066124,2024,07,02,15.0,1,Y
IDCJAC0010,066124,2024,07,03,15.6,1,Y
IDCJAC0010,066124,2024,07,04,16.8,1,Y
IDCJAC0010,066124,2024,07,05,16.4,1,Y
IDCJAC0010,066124,2024,07,06,16.0,1,Y
IDCJAC0010,066124,2024,07,07,16.2,1,Y
IDCJAC0010,066124,2024,07,08,16.8,1,Y
IDCJAC0010,066124,2024,07,09,19.6,1,Y
IDCJAC0010,066124,2024,07,10,19.6,1,Y
IDCJAC0010,066124,2024,07,11,16.2,1,Y
IDCJAC0010,066124,2024,07,12,17.5,1,Y
IDCJAC0010,066124,2024,07,13,16.5,1,Y
IDCJAC0010,066124,2024,07,14,16.6,1,Y
IDCJAC0010,066124,2024,07,15,15.5,1,Y
IDCJAC0010,066124,2024,07,16,15.2,1,Y
IDCJAC0010,066124,2024,07,17,18.0,1,Y
IDCJAC0010,066124,2024,07,18,17.4,1,Y
IDCJAC0010,066124,2024,07,19,15.2,1,Y
IDCJAC0010,066124,2024,07,20,16.2,1,Y
IDCJAC0010,066124,2024,07,21,17.5,1,Y
IDCJAC0010,066124,2024,07,22,18.6,1,Y
IDCJAC0010,066124,2024,07,23,20.0,1,Y
IDCJAC0010,066124,2024,07,24,19.4,1,Y
IDCJAC0010,066124,2024,07,25,21.7,1,Y
IDCJAC0010,066124,2024,07,26,20.2,1,Y
IDCJAC0010,066124,2024,07,27,15.8,1,Y
IDCJAC0010,066124,2024,07,28,14.6,1,Y
IDCJAC0010,066124,2024,07,29,15.2,1,Y
IDCJAC0010,066124,2024,07,30,15.8,1,Y
IDCJAC0010,066124,2024,07,31,16.2,1,Y
IDCJAC0010,066124,2024,08,01,15.3,1,Y
IDCJAC0010,066124,2024,08,02,16.4,1,Y
IDCJAC0010,066124,2024,08,03,20.8,1,Y
IDCJAC0010,066124,2024,08,04,15.5,1,Y
IDCJAC0010,066124,2024,08,05,15.4,1,Y
IDCJAC0010,066124,2024,08,06,18.5,1,Y
IDCJAC0010,066124,2024,08,07,18.8,1,Y
IDCJAC0010,066124,2024,08,08,19.0,1,Y
IDCJAC0010,066124,2024,08,09,21.4,1,Y
IDCJAC0010,066124,2024,08,10,19.0,1,Y
IDCJAC0010,066124,2024,08,11,19.2,1,Y
IDCJAC0010,066124,2024,08,12,15.8,1,Y
IDCJAC0010,066124,2024,08,13,19.0,1,Y
IDCJAC0010,066124,2024,08,14,17.8,1,Y
IDCJAC0010,066124,2024,08,15,18.2,1,Y
IDCJAC0010,066124,2024,08,16,22.2,1,Y
IDCJAC0010,066124,2024,08,17,20.4,1,Y
IDCJAC0010,066124,2024,08,18,17.2,1,Y
IDCJAC0010,066124,2024,08,19,18.4,1,Y
IDCJAC0010,066124,2024,08,20,22.5,1,Y
IDCJAC0010,066124,2024,08,21,26.2,1,Y
IDCJAC0010,066124,2024,08,22,22.7,1,Y
IDCJAC0010,066124,2024,08,23,22.2,1,Y
IDCJAC0010,066124,2024,08,24,27.0,1,Y
IDCJAC0010,066124,2024,08,25,22.5,1,Y
IDCJAC0010,066124,2024,08,26,24.5,1,Y
IDCJAC0010,066124,2024,08,27,26.0,1,Y
IDCJAC0010,066124,2024,08,28,28.2,1,Y
IDCJAC0010,066124,2024,08,29,24.6,1,Y
IDCJAC0010,066124,2024,08,30,30.0,1,Y
IDCJAC0010,066124,2024,08,31,24.8,1,Y
IDCJAC0010,066124,2024,09,01,27.0,1,Y
IDCJAC0010,066124,2024,09,02,25.0,1,Y
IDCJAC0010,066124,2024,09,03,18.2,1,Y
IDCJAC0010,066124,2024,09,04,22.6,1,Y
IDCJAC0010,066124,2024,09,05,26.5,1,Y
IDCJAC0010,066124,2024,09,06,29.3,1,Y
IDCJAC0010,066124,2024,09,07,24.8,1,Y
IDCJAC0010,066124,2024,09,08,20.7,1,Y
IDCJAC0010,066124,2024,09,09,25.0,1,Y
IDCJAC0010,066124,2024,09,10,22.2,1,Y
IDCJAC0010,066124,2024,09,11,26.2,1,Y
IDCJAC0010,066124,2024,09,12,19.8,1,Y
IDCJAC0010,066124,2024,09,13,18.2,1,Y
IDCJAC0010,066124,2024,09,14,23.0,1,Y
IDCJAC0010,066124,2024,09,15,16.8,1,Y
IDCJAC0010,066124,2024,09,16,18.8,1,Y
IDCJAC0010,066124,2024,09,17,21.5,1,Y
IDCJAC0010,066124,2024,09,18,26.0,1,Y
IDCJAC0010,066124,2024,09,19,26.5,1,Y
IDCJAC0010,066124,2024,09,20,25.4,1,Y
IDCJAC0010,066124,2024,09,21,24.5,1,Y
IDCJAC0010,066124,2024,09,22,25.6,1,Y
IDCJAC0010,066124,2024,09,23,28.5,1,Y
IDCJAC0010,066124,2024,09,24,25.8,1,Y
IDCJAC0010,066124,2024,09,25,28.0,1,Y
IDCJAC0010,066124,2024,09,26,13.4,1,Y
IDCJAC0010,066124,2024,09,27,17.4,1,Y
IDCJAC0010,066124,2024,09,28,19.2,1,Y
IDCJAC0010,066124,2024,09,29,20.8,1,Y
IDCJAC0010,066124,2024,09,30,20.8,1,Y
IDCJAC0010,066124,2024,10,01,22.2,1,Y
IDCJAC0010,066124,2024,10,02,19.8,1,Y
IDCJAC0010,066124,2024,10,03,21.0,1,Y
IDCJAC0010,066124,2024,10,04,22.8,1,Y
IDCJAC0010,066124,2024,10,05,26.2,1,Y
IDCJAC0010,066124,2024,10,06,27.8,1,Y
IDCJAC0010,066124,2024,10,07,29.0,1,Y
IDCJAC0010,066124,2024,10,08,16.2,1,Y
IDCJAC0010,066124,2024,10,09,17.0,1,Y
IDCJAC0010,066124,2024,10,10,24.6,1,Y
IDCJAC0010,066124,2024,10,11,25.3,1,Y
IDCJAC0010,066124,2024,10,12,18.8,1,Y
IDCJAC0010,066124,2024,10,13,21.2,1,Y
IDCJAC0010,066124,2024,10,14,26.4,1,Y
IDCJAC0010,066124,2024,10,15,17.7,1,Y
IDCJAC0010,066124,2024,10,16,19.6,1,Y
IDCJAC0010,066124,2024,10,17,25.0,1,Y
IDCJAC0010,066124,2024,10,18,26.2,1,Y
IDCJAC0010,066124,2024,10,19,25.2,1,Y
IDCJAC0010,066124,2024,10,20,22.8,1,Y
IDCJAC0010,066124,2024,10,21,21.5,1,Y
IDCJAC0010,066124,2024,10,22,25.2,1,Y
IDCJAC0010,066124,2024,10,23,29.6,1,Y
IDCJAC0010,066124,2024,10,24,22.5,1,Y
IDCJAC0010,066124,2024,10,25,21.8,1,Y
IDCJAC0010,066124,2024,10,26,20.0,1,Y
IDCJAC0010,066124,2024,10,27,26.6,1,Y
IDCJAC0010,066124,2024,10,28,26.2,1,Y
IDCJAC0010,066124,2024,10,29,24.5,1,Y
IDCJAC0010,066124,2024,10,30,27.7,1,Y
IDCJAC0010,066124,2024,10,31,29.8,1,Y
IDCJAC0010,066124,2024,11,01,23.7,1,Y
IDCJAC0010,066124,2024,11,02,21.2,1,Y
IDCJAC0010,066124,2024,11,03,31.2,1,Y
IDCJAC0010,066124,2024,11,04,22.3,1,Y
IDCJAC0010,066124,2024,11,05,24.2,1,Y
IDCJAC0010,066124,2024,11,06,31.5,1,Y
IDCJAC0010,066124,2024,11,07,32.4,1,Y
IDCJAC0010,066124,2024,11,08,31.0,1,Y
IDCJAC0010,066124,2024,11,09,26.5,1,Y
IDCJAC0010,066124,2024,11,10,27.0,1,Y
IDCJAC0010,066124,2024,11,11,21.2,1,Y
IDCJAC0010,066124,2024,11,12,25.2,1,Y
IDCJAC0010,066124,2024,11,13,26.0,1,Y
IDCJAC0010,066124,2024,11,14,22.0,1,Y
IDCJAC0010,066124,2024,11,15,21.2,1,Y
IDCJAC0010,066124,2024,11,16,25.1,1,Y
IDCJAC0010,066124,2024,11,17,31.5,1,Y
IDCJAC0010,066124,2024,11,18,30.2,1,Y
IDCJAC0010,066124,2024,11,19,21.5,1,Y
IDCJAC0010,066124,2024,11,20,25.8,1,Y
IDCJAC0010,066124,2024,11,21,25.8,1,Y
IDCJAC0010,066124,2024,11,22,28.4,1,Y
IDCJAC0010,066124,2024,11,23,31.2,1,Y
IDCJAC0010,066124,2024,11,24,33.2,1,Y
IDCJAC0010,066124,2024,11,25,32.2,1,Y
IDCJAC0010,066124,2024,11,26,37.5,1,Y
IDCJAC0010,066124,2024,11,27,37.0,1,Y
IDCJAC0010,066124,2024,11,28,29.2,1,Y
IDCJAC0010,066124,2024,11,29,22.8,1,Y
IDCJAC0010,066124,2024,11,30,26.0,1,Y
IDCJAC0010,066124,2024,12,01,31.5,1,Y
IDCJAC0010,066124,2024,12,02,36.0,1,Y
IDCJAC0010,066124,2024,12,03,32.5,1,Y
IDCJAC0010,066124,2024,12,04,27.0,1,Y
IDCJAC0010,066124,2024,12,05,28.8,1,Y
IDCJAC0010,066124,2024,12,06,33.0,1,Y
IDCJAC0010,066124,2024,12,07,29.5,1,Y
IDCJAC0010,066124,2024,12,08,30.2,1,Y
IDCJAC0010,066124,2024,12,09,24.6,1,Y
IDCJAC0010,066124,2024,12,10,26.4,1,Y
IDCJAC0010,066124,2024,12,11,28.0,1,Y
IDCJAC0010,066124,2024,12,12,31.8,1,Y
IDCJAC0010,066124,2024,12,13,35.0,1,Y
IDCJAC0010,066124,2024,12,14,28.8,1,Y
IDCJAC0010,066124,2024,12,15,29.2,1,Y
IDCJAC0010,066124,2024,12,16,33.5,1,Y
IDCJAC0010,066124,2024,12,17,38.5,1,Y
IDCJAC0010,066124,2024,12,18,23.5,1,Y
IDCJAC0010,066124,2024,12,19,25.0,1,Y
IDCJAC0010,066124,2024,12,20,27.0,1,Y
IDCJAC0010,066124,2024,12,21,33.0,1,Y
IDCJAC0010,066124,2024,12,22,29.0,1,Y
IDCJAC0010,066124,2024,12,23,29.8,1,Y
IDCJAC0010,066124,2024,12,24,25.2,1,Y
IDCJAC0010,066124,2024,12,25,30.0,1,Y
IDCJAC0010,066124,2024,12,26,32.0,1,Y
IDCJAC0010,066124,2024,12,27,36.5,1,Y
IDCJAC0010,066124,2024,12,28,28.2,1,Y
IDCJAC0010,066124,2024,12,29,30.0,1,Y
IDCJAC0010,066124,2024,12,30,28.5,1,Y
IDCJAC0010,066124,2024,12,31,30.0,1,Y
